{"压力(MPa)": [2.0, 2.3838383838383836, 2.7676767676767677, 3.1515151515151514, 3.5353535353535355, 3.919191919191919, 4.303030303030303, 4.686868686868687, 5.070707070707071, 5.454545454545454, 5.838383838383838, 6.222222222222222, 6.606060606060606, 6.98989898989899, 7.373737373737374, 7.757575757575758, 8.141414141414142, 8.525252525252524, 8.909090909090908], "密度(kg/m3)": [17.048273017934672, 20.681648878207334, 24.45177206295973, 28.36844524034284, 32.44208922535894, 36.68365387453226, 41.104456768135215, 45.71592024960059, 50.529169475081126, 55.55444677392872, 60.80029372315003, 66.27245719116246, 71.9724976301664, 77.89612827929989, 84.03140333466207, 90.35700299904306, 96.84101117902028, 103.44068657327882, 110.10369455772123], "临界温度(K)": 187.807944, "临界压力(MPa)": 9.031452453874385}