{"压力(MPa)": [9.292929292929294, 9.676767676767676, 10.06060606060606, 10.444444444444445, 10.828282828282829, 11.212121212121213, 11.595959595959595, 11.97979797979798, 12.363636363636363, 12.747474747474747, 13.131313131313131, 13.515151515151516, 13.8989898989899, 14.282828282828282, 14.666666666666666, 15.05050505050505, 15.434343434343434, 15.818181818181818, 16.2020202020202, 16.58585858585859, 16.96969696969697, 17.353535353535353, 17.737373737373737, 18.12121212121212, 18.505050505050505, 18.88888888888889, 19.272727272727273, 19.656565656565657, 20.040404040404038, 20.424242424242426, 20.80808080808081, 21.19191919191919, 21.575757575757574, 21.95959595959596, 22.343434343434343, 22.727272727272727, 23.11111111111111, 23.494949494949495, 23.87878787878788, 24.262626262626263, 24.646464646464647, 25.03030303030303, 25.41414141414141, 25.7979797979798, 26.18181818181818, 26.565656565656564, 26.94949494949495, 27.333333333333332, 27.717171717171716, 28.1010101010101, 28.484848484848484, 28.86868686868687, 29.252525252525253, 29.636363636363637, 30.02020202020202, 30.4040404040404, 30.78787878787879, 31.171717171717173, 31.555555555555554, 31.93939393939394, 32.32323232323232, 32.707070707070706, 33.090909090909086, 33.474747474747474, 33.85858585858586, 34.24242424242424, 34.62626262626263, 35.01010101010101, 35.39393939393939, 35.77777777777778, 36.16161616161616, 36.54545454545455, 36.92929292929293, 37.313131313131315, 37.696969696969695, 38.080808080808076, 38.464646464646464, 38.84848484848485, 39.23232323232323, 39.61616161616162, 40.0], "密度(kg/m3)": [116.77101090180146, 123.38123941865383, 129.87557177404003, 136.20232871619044, 142.3201470660639, 148.19936089577538, 153.82170037429037, 159.17882255520232, 164.27028927212663, 169.10148911387736, 173.68180025552982, 178.02311285133123, 182.13871491093198, 186.0424906351571, 189.7483647814106, 193.26993116239376, 196.6202149555089, 199.81153056037263, 202.85540682160666, 205.76255910922757, 208.54289337275617, 211.20553136848403, 213.75884924073117, 216.21052383630916, 218.56758276464225, 220.8364554318145, 223.0230231784531, 225.13266731389896, 227.17031431930738, 229.1404778341884, 231.04729727873047, 232.8945731248922, 234.68579893339208, 236.4241903372353, 238.11271118723644, 239.75409708999607, 241.35087657051506, 242.90539008474377, 244.41980709526766, 245.896141408292, 247.33626495377976, 248.74192017401106, 250.11473116971595, 251.45621373764803, 252.76778441928252, 254.050768667323, 255.30640822491097, 256.5358678018342, 257.74024112252886, 258.92055641222777, 260.0777813801009, 261.2128277515781, 262.3265553961705, 263.4197760919172, 264.49325696298905, 265.54772362294284, 266.58386305255016, 267.6023262379641, 268.6037305922211, 269.5886621805974, 270.55767776818044, 271.5113067060864, 272.4500526710482, 273.37439527159376, 274.28479153268614, 275.18167726951555, 276.0654683600605, 276.93656192510156, 277.795337423525, 278.6421576700028, 279.477369781464, 280.30130605817044, 281.1142848046708, 281.91661109542935, 282.70857748948004, 283.4904646980789, 284.2625422089692, 285.0250688705593, 285.778293439026, 286.5224550910994, 287.2577839050538], "临界温度(K)": 187.807944, "临界压力(MPa)": 9.031452453874385}