{"压力(MPa)": [0.0, 0.38383838383838365, 0.7676767676767677, 1.1515151515151514, 1.5353535353535355, 1.9191919191919191, 2.3030303030303028, 2.686868686868687, 3.070707070707071, 3.454545454545454, 3.8383838383838382, 4.222222222222222, 4.606060606060606, 4.98989898989899, 5.373737373737374, 5.757575757575758, 6.141414141414142, 6.525252525252524, 6.909090909090908], "密度(kg/m3)": [0.0, 3.633375860272661, 7.4034990450250575, 11.320172222408168, 15.393816207424269, 19.63538085659759, 24.056183750200542, 28.66764723166592, 33.48089645714646, 38.50617375599404, 43.75202070521536, 49.22418417322778, 54.924224612231725, 60.84785526136521, 66.9831303167274, 73.30872998110839, 79.79273816108561, 86.39241355534415, 93.05542153978655]}