{"压力(MPa)": [0.0, 0.1909547738693469, 0.3819095477386938, 0.5728643216080398, 0.7638190954773867, 0.9547738693467336, 1.1457286432160805, 1.3366834170854274, 1.5276381909547734, 1.7185929648241207, 1.9095477386934672, 2.100502512562814, 2.291457286432161, 2.482412060301507, 2.6733668341708547, 2.8643216080402008, 3.0552763819095468, 3.2462311557788945, 3.4371859296482414, 3.6281407035175874, 3.8190954773869343, 4.010050251256281, 4.201005025125628, 4.391959798994974, 4.582914572864322, 4.773869346733668, 4.964824120603015, 5.155778894472362, 5.346733668341708, 5.5376884422110555, 5.7286432160804015, 5.919597989949748, 6.110552763819095, 6.301507537688442, 6.492462311557789, 6.683417085427136, 6.874371859296483], "密度(kg/m3)": [0.0, 1.657696065918909, 3.339882362402413, 5.047177800675335, 6.780209237589176, 8.53960970052998, 10.326016276737636, 12.140067626387523, 13.982401075841327, 15.853649244765617, 17.7544361585523, 19.685372795759893, 21.64705201954983, 23.640042842424794, 25.664883975513472, 27.72207661752078, 29.812076444782324, 31.935284773172047, 34.092038875470976, 36.28260145483611, 38.50714929679728, 40.7657611492922, 43.05840491308096, 45.384924263678386, 47.74502487068274, 50.13826043061603, 52.56401878416381, 55.02150844639604, 57.50974593679999, 60.027544351491585, 62.57350366871644, 65.1460033157238, 67.74319754472269, 70.36301416202053, 73.00315712189648, 75.66111343042061, 78.3341647011875]}