{"压力(MPa)": [0.0, 0.3838383838383823, 0.7676767676767664, 1.1515151515151505, 1.5353535353535346, 1.9191919191919187, 2.303030303030301, 2.686868686868685, 3.070707070707069, 3.4545454545454533, 3.8383838383838373, 4.222222222222221, 4.6060606060606055, 4.989898989898988, 5.373737373737372, 5.757575757575756, 6.14141414141414, 6.525252525252524, 6.9090909090909065, 7.292929292929294, 7.676767676767675, 8.060606060606059, 8.444444444444443, 8.828282828282827, 9.212121212121211, 9.595959595959595, 9.97979797979798, 10.363636363636363, 10.747474747474744, 11.131313131313131, 11.515151515151516, 11.898989898989896, 12.28282828282828, 12.666666666666664, 13.050505050505048, 13.434343434343432, 13.818181818181817, 14.2020202020202, 14.585858585858585, 14.969696969696969, 15.353535353535353, 15.737373737373737, 16.121212121212118, 16.505050505050505, 16.888888888888886, 17.27272727272727, 17.656565656565657, 18.040404040404038, 18.424242424242422, 18.808080808080806, 19.19191919191919, 19.575757575757574, 19.95959595959596, 20.343434343434343, 20.727272727272727, 21.111111111111107, 21.494949494949495, 21.87878787878788, 22.26262626262626, 22.646464646464647, 23.030303030303024, 23.41414141414141, 23.797979797979792, 24.18181818181818, 24.565656565656568, 24.949494949494948, 25.333333333333336, 25.717171717171716, 26.101010101010097, 26.484848484848484, 26.868686868686865, 27.252525252525253, 27.636363636363633, 28.02020202020202, 28.4040404040404, 28.787878787878782, 29.17171717171717, 29.555555555555557, 29.939393939393938, 30.323232323232325, 30.707070707070706], "密度(kg/m3)": [0.0, 6.610228516852374, 13.104560872238565, 19.431317814388976, 25.549136164262435, 31.428349993973924, 37.05068947248891, 42.407811653400856, 47.49927837032517, 52.3304782120759, 56.91078935372836, 61.252101949529774, 65.36770400913052, 69.27147973335563, 72.97735387960914, 76.4989202605923, 79.84920405370745, 83.04051965857117, 86.0843959198052, 88.9915482074261, 91.77188247095471, 94.43452046668257, 96.9878383389297, 99.4395129345077, 101.79657186284079, 104.06544453001304, 106.25201227665163, 108.3616564120975, 110.39930341750592, 112.36946693238694, 114.27628637692901, 116.12356222309073, 117.91478803159062, 119.65317943543384, 121.34170028543498, 122.9830861881946, 124.5798656687136, 126.13437918294231, 127.6487961934662, 129.12513050649056, 130.5652540519783, 131.9709092722096, 133.34372026791448, 134.68520283584655, 135.99677351748107, 137.27975776552154, 138.53539732310952, 139.76485690003273, 140.9692302207274, 142.14954551042632, 143.30677047829943, 144.44181684977667, 145.55554449436903, 146.64876519011574, 147.7222460611876, 148.7767127211414, 149.8128521507487, 150.83131533616267, 151.83271969041965, 152.81765127879595, 153.786666866379, 154.74029580428493, 155.67904176924674, 156.6033843697923, 157.5137806308847, 158.4106663677141, 159.29445745825905, 160.1655510233001, 161.02432652172354, 161.87114676820136, 162.70635887966256, 163.530295156369, 164.34327390286933, 165.1456001936279, 165.9375665876786, 166.71945379627743, 167.49153130716775, 168.25405796875788, 169.00728253722457, 169.75144418929796, 170.48677300325238]}