{"压力(MPa)": 9.292929292929294, "密度(kg/m3)": 116.77101090180146}