{"压力(MPa)": 9.065326633165828, "密度(kg/m3)": 97.05528941045124}