{"y1": [1001.7691923899091, 948.5507197880654, 893.7038936546226, 836.6380230672922, 776.3508767166273, 710.8872042955863, 635.2979526277835, 519.5819819833767, 458.43754536568235, 435.7838478981313, 413.01986576971944, 426.8152216540733, 438.3329847734906, 446.8015446197836, 452.88665992451035, 457.02246152455604, 459.5080570021769, 460.5555011718603, 460.3159222156702], "y2": [17.048273017934957, 20.681648462413545, 24.451772223062573, 28.368445581861817, 32.44208928413589, 36.68365360592493, 41.10445646951162, 45.715920227193706, 354.89860113045256, 389.09000647909306, 411.1301450073921, 390.1427254001736, 367.1516463653997, 344.0487720243549, 320.8400755447821, 297.5362171055924, 274.1531544769637, 250.7122575604401, 227.23969495939934], "y3": [270.84373594338587, 280.1467154930372, 290.9413002581177, 303.8083798789353, 319.7397649196124, 340.679755411151, 371.56608660765346, 442.38847588666476, 154.06811399338676, 102.24828850458364, 62.69001449698287, 29.599960612134037, 0.7911589197771143, -24.85664419318461, -48.01518062605213, -69.1292413946217, -88.51389185132727, -106.40255671220045, -122.97253276268317]}