{"T-D": [0.0076625085609261295, -2.3480157533650098e-05, -2.1212975254263266e-07, -0.0011474568588521368, 0.8028534552723815, 0.0018704521629416926, -1.8568754564165307e-05, 1.4745689299525445e-07, -0.000572964784114794, 0.15151150623481807, -0.0005622752918595998], "u0": 171.5286632240452, "T0": 213.14999999999998}