{
    "T-D": [
        0.011185595523062189,
        -3.511655976439742e-06,
        -2.3320053312251045e-07,
        -0.0009879570708173785,
        0.6314092219535018,
        -0.0020219781279015607,
        -7.821950721800556e-06,
        -1.2042901874832596e-08,
        -0.0006488441342058985,
        -0.016615761282581642,
        -0.0007642035734367274
    ],
    "u0": 110.73804679034926,
    "T0": 213.14999999999998
}