{"T-D": [-0.0022958186639326227, -3.6152858374893444e-05, 2.5011463238873082e-08, -5.052936936284424e-05, 1.7699177416668175, -0.0021107953191093773, -2.8189108731968017e-05, -2.6568475460881737e-08, -3.620299140092592e-05, 0.7542538129970606, -0.00032562022285407725], "u0": 259.40703474485673, "T0": 203.14999999999998}