{"压力(MPa)": [2.0, 2.190954773869347, 2.381909547738694, 2.57286432160804, 2.7638190954773867, 2.9547738693467336, 3.1457286432160805, 3.3366834170854274, 3.5276381909547734, 3.7185929648241207, 3.909547738693467, 4.100502512562814, 4.291457286432161, 4.482412060301507, 4.673366834170855, 4.864321608040201, 5.055276381909547, 5.2462311557788945, 5.437185929648241, 5.628140703517587, 5.819095477386934, 6.010050251256281, 6.201005025125628, 6.391959798994974, 6.582914572864322, 6.773869346733668, 6.964824120603015, 7.155778894472362, 7.346733668341708, 7.5376884422110555, 7.7286432160804015, 7.919597989949748, 8.110552763819095, 8.301507537688442, 8.492462311557789, 8.683417085427136, 8.874371859296483], "密度(kg/m3)": [16.03588584638874, 17.69358191230765, 19.375768208791154, 21.083063647064076, 22.816095083977917, 24.57549554691872, 26.361902123126377, 28.175953472776264, 30.018286922230068, 31.889535091154357, 33.79032200494104, 35.721258642148634, 37.68293786593857, 39.675928688813535, 41.70076982190221, 43.75796246390952, 45.847962291171065, 47.97117061956079, 50.12792472185971, 52.31848730122485, 54.543035143186025, 56.80164699568095, 59.09429075946971, 61.42081011006712, 63.780910717071485, 66.17414627700477, 68.59990463055254, 71.05739429278478, 73.54563178318872, 76.06343019788032, 78.60938951510518, 81.18188916211254, 83.77908339111143, 86.39890000840927, 89.03904296828522, 91.69699927680935, 94.37005054757624], "临界温度(K)": 187.807944, "临界压力(MPa)": 9.031452453874385}