{"y1": [262.88024220330817, 265.6085105903376, 268.4272819366565, 271.3429661793166, 274.36253827476276, 277.4935982951397, 280.74443894300066, 284.12412151994886, 287.64256154551094, 291.31062540949733, 295.14023966063314, 299.1445147909849, 303.3378856771769, 307.7362711929784, 312.3572559237234, 317.2202974011989, 322.346962852082, 327.76120012677484, 333.4896482664433, 339.5619940909405, 346.01138226864873, 352.87488757919414, 360.1940595175556, 368.0155510221041, 376.39184493613834, 385.3820938042454, 395.0530906943179, 405.48039079032105, 416.7496052841361, 428.9578902125361, 442.21565270298663, 456.6484946229514, 472.39940738268854, 489.6312194411313, 508.5292768298409, 529.3043025856529, 552.1953281107535], "y2": [-8365.622325801047, -8197.667887713907, -8029.828443100281, -7862.111020621719, -7694.523221982715, -7527.073280232279, -7359.770125150239, -7192.623456713635, -7025.64382779594, -6858.842737436426, -6692.232736233886, -6525.827545674009, -6359.64219350019, -6193.6931675914275, -6027.998591228506, -5862.578423121805, -5697.454686154336, -5532.6517294770165, -5368.196529396711, -5204.119035439665, -5040.452569073234, -4877.23428384617, -4714.505697178404, -4552.313305704804, -4390.709297949413, -4229.752380149378, -4069.5087331921786, -3910.053120741647, -3751.470170469071, -3593.855851477415, -3437.3191708706463, -3281.9841099846512, -3127.9918145667857, -2975.5030409820783, -2824.7008392520274, -2675.7934192370612, -2529.017093296607], "y3": [16.035885846387377, 17.693581676971466, 19.375768021781372, 21.08306360531333, 22.816095175615832, 24.575495709557348, 26.361902284411375, 28.175953575612315, 30.018286937108773, 31.889535018363407, 33.79032186944005, 35.72125848396536, 37.68293772870811, 39.675928608896584, 41.700769819984544, 43.757962540562175, 45.847962426963704, 47.97117077970529, 50.12792486448552, 52.318487387695995, 54.54303514831099, 56.80164691545542, 59.094290614081956, 61.42080994068692, 63.780910576015685, 66.17414621262719, 68.59990467010903, 71.05739442832851, 73.54563196669119, 76.06343035138934, 78.60938955892277, 81.18188905771729, 83.77908318486845, 86.39889984647311, 89.03904303246588, 91.69699956644251, 94.370050405641]}